City_ID,City,Lat,Lng,Max Temp,Humidity,Cloudiness,Wind Speed,Country,Date
0,Hamilton,39.1834,-84.5333,60.91,67,100,3.0,US,2022-05-23 03:58:44
1,Kloulklubed,7.0419,134.2556,84.7,70,100,10.2,PW,2022-05-23 04:03:36
2,Rikitea,-23.1203,-134.9692,76.23,76,55,16.46,PF,2022-05-23 04:03:36
3,Severo-Kurilsk,50.6789,156.125,41.79,96,100,14.27,RU,2022-05-23 04:03:37
4,Chuy,-33.6971,-53.4616,51.03,85,34,6.08,UY,2022-05-23 04:03:37
5,Saint-Augustin,51.226,-58.6502,44.74,97,100,7.76,CA,2022-05-23 04:03:37
6,Bathsheba,13.2167,-59.5167,81.21,78,20,12.66,BB,2022-05-23 04:03:38
7,Yellowknife,62.456,-114.3525,35.56,64,99,8.01,CA,2022-05-23 04:00:27
8,Saint-Francois,46.4154,3.9054,62.67,88,0,2.3,FR,2022-05-23 04:03:38
9,Hithadhoo,-0.6,73.0833,83.32,74,100,10.47,MV,2022-05-23 04:03:39
10,Ornskoldsvik,63.2909,18.7153,40.15,100,100,3.44,SE,2022-05-23 04:03:39
11,Killybegs,54.6333,-8.45,50.02,89,98,7.43,IE,2022-05-23 04:03:40
12,Cherskiy,68.75,161.3,58.51,34,100,13.69,RU,2022-05-23 04:03:40
13,Saint-Philippe,-21.3585,55.7679,69.39,73,28,7.58,RE,2022-05-23 04:03:40
14,New Norfolk,-42.7826,147.0587,58.91,58,8,1.79,AU,2022-05-23 04:03:41
15,Menongue,-14.6585,17.691,46.4,48,0,3.69,AO,2022-05-23 04:03:41
16,Tupik,54.4253,119.9327,57.22,43,71,8.52,RU,2022-05-23 04:03:42
17,Salalah,17.0151,54.0924,84.29,74,75,1.14,OM,2022-05-23 04:03:42
18,Prata,-19.3072,-48.9242,57.29,63,4,5.08,BR,2022-05-23 04:03:42
19,Ribeira Grande,38.5167,-28.7,63.99,93,100,4.34,PT,2022-05-23 04:03:43
20,Adelaide,-34.9333,138.6,74.16,43,0,10.36,AU,2022-05-23 04:02:56
21,Kodiak,57.79,-152.4072,45.91,87,100,18.41,US,2022-05-23 04:03:43
22,Busselton,-33.65,115.3333,57.96,84,94,16.37,AU,2022-05-23 04:03:44
23,Punta Arenas,-53.15,-70.9167,32.11,86,75,6.91,CL,2022-05-23 04:03:36
24,Mataura,-46.1927,168.8643,52.48,77,79,9.26,NZ,2022-05-23 04:03:44
25,Marienburg,54.0359,19.0266,46.11,87,2,2.95,PL,2022-05-23 03:59:54
26,Belgrade,44.804,20.4651,62.33,63,0,3.44,RS,2022-05-23 04:03:37
27,Necochea,-38.5473,-58.7368,52.7,55,100,9.17,AR,2022-05-23 04:01:41
28,Atuona,-9.8,-139.0333,79.12,72,23,18.92,PF,2022-05-23 04:03:45
29,Campoverde,-8.4753,-74.8058,74.89,77,100,2.37,PE,2022-05-23 04:03:45
30,Hobart,-42.8794,147.3294,58.86,70,20,6.91,AU,2022-05-23 03:58:48
31,Husavik,66.0449,-17.3389,37.6,98,100,5.19,IS,2022-05-23 04:03:46
32,Ushuaia,-54.8,-68.3,35.26,64,20,5.75,AR,2022-05-23 04:03:46
33,Santa Maria,-29.6842,-53.8069,51.13,92,0,2.84,BR,2022-05-23 04:03:41
34,Vila Velha,-20.3297,-40.2925,64.35,94,75,1.14,BR,2022-05-23 03:59:30
35,Vaini,-21.2,-175.2,78.96,94,75,5.75,TO,2022-05-23 04:03:47
36,Ostrovnoy,68.0531,39.5131,31.64,72,59,14.27,RU,2022-05-23 04:03:47
37,Mitrofanovka,49.9708,39.6939,47.32,88,100,11.39,RU,2022-05-23 04:03:48
38,Kapaa,22.0752,-159.319,80.58,83,75,13.8,US,2022-05-23 04:03:48
39,Kapoeta,4.7717,33.5903,74.28,72,99,2.33,SS,2022-05-23 04:01:55
40,Monrovia,6.3005,-10.7969,75.52,94,100,9.91,LR,2022-05-23 04:03:49
41,Wagar,16.1525,36.2032,89.46,23,1,3.51,SD,2022-05-23 04:03:49
42,Butaritari,3.0707,172.7902,82.27,79,83,14.0,KI,2022-05-23 04:03:49
43,Carbondale,37.7273,-89.2168,57.2,81,0,5.75,US,2022-05-23 04:03:50
44,Cascavel,-24.9558,-53.4553,52.32,84,100,4.79,BR,2022-05-23 04:03:50
45,Jamestown,42.097,-79.2353,50.02,95,40,4.61,US,2022-05-23 04:04:50
46,Bambous Virieux,-20.3428,57.7575,75.45,78,40,10.36,MU,2022-05-23 04:04:51
47,Tsogni,-2.7942,10.0988,73.11,82,88,4.27,GA,2022-05-23 04:04:51
48,Tuktoyaktuk,69.4541,-133.0374,29.21,72,84,10.04,CA,2022-05-23 04:04:52
49,Aklavik,68.2191,-135.0107,34.05,70,98,11.74,CA,2022-05-23 04:04:52
50,Hermanus,-34.4187,19.2345,58.37,83,72,7.96,ZA,2022-05-23 04:04:52
51,Cidreira,-30.1811,-50.2056,58.35,80,60,8.05,BR,2022-05-23 04:04:53
52,Yabelo,4.8833,38.0833,60.13,82,78,3.83,ET,2022-05-23 04:04:53
53,Mount Gambier,-37.8333,140.7667,65.59,45,3,4.23,AU,2022-05-23 04:04:54
54,Avarua,-21.2078,-159.775,80.65,83,75,5.75,CK,2022-05-23 04:04:54
55,Torbay,47.6666,-52.7314,52.88,61,100,12.19,CA,2022-05-23 04:04:54
56,Faanui,-16.4833,-151.75,81.39,68,17,14.61,PF,2022-05-23 04:04:55
57,Neiafu,-18.65,-173.9833,83.08,78,40,6.91,TO,2022-05-23 04:04:55
58,Flin Flon,54.7682,-101.865,48.2,54,100,6.6,CA,2022-05-23 04:04:55
59,Pisco,-13.7,-76.2167,62.65,82,100,0.0,PE,2022-05-23 04:04:56
60,Longyearbyen,78.2186,15.6401,35.44,87,75,0.0,SJ,2022-05-23 04:04:56
61,Moyale,3.5167,39.0584,66.49,86,93,6.13,KE,2022-05-23 04:04:56
62,Padang,-0.9492,100.3543,86.05,64,97,3.83,ID,2022-05-23 04:04:57
63,Saint George,37.1041,-113.5841,77.25,12,0,4.61,US,2022-05-23 04:02:26
64,Diego De Almagro,-26.3667,-70.05,58.64,36,22,3.06,CL,2022-05-23 04:04:57
65,Fairbanks,64.8378,-147.7164,62.6,29,47,4.0,US,2022-05-23 04:00:11
66,Port Keats,-14.25,129.55,92.34,31,54,1.92,AU,2022-05-23 04:04:58
67,Geraldton,-28.7667,114.6,70.21,68,40,25.32,AU,2022-05-23 04:04:58
68,Bluff,-46.6,168.3333,52.81,77,99,28.34,NZ,2022-05-23 04:04:59
69,Hilo,19.7297,-155.09,78.28,90,100,8.05,US,2022-05-23 04:04:59
70,Pevek,69.7008,170.3133,36.97,90,81,6.49,RU,2022-05-23 04:04:59
71,Nikolskoye,59.7035,30.7861,48.79,52,89,4.83,RU,2022-05-23 04:05:00
72,Namibe,-15.1961,12.1522,68.38,64,4,2.62,AO,2022-05-23 04:05:00
73,Dikson,73.5069,80.5464,26.01,81,90,12.75,RU,2022-05-23 04:05:00
74,Taylor,32.3001,-99.8337,68.02,54,0,8.05,US,2022-05-23 04:05:01
75,Shunyi,40.125,116.6453,85.95,42,0,8.95,CN,2022-05-23 04:05:01
76,Fiditi,7.7136,3.9172,71.08,97,100,1.68,NG,2022-05-23 04:05:01
77,Opochka,56.7105,28.6617,41.43,61,10,4.18,RU,2022-05-23 04:05:02
78,San Rafael,-34.6177,-68.3301,55.17,32,66,14.79,AR,2022-05-23 04:05:02
79,Port Alfred,-33.5906,26.891,59.79,74,72,5.75,ZA,2022-05-23 04:05:03
80,Bredasdorp,-34.5322,20.0403,53.46,89,54,3.62,ZA,2022-05-23 04:05:03
81,Barrow,71.2906,-156.7887,24.82,86,100,10.36,US,2022-05-23 04:05:04
82,Tura,25.5198,90.2201,84.2,63,5,4.63,IN,2022-05-23 04:05:04
83,Moree,-29.4667,149.85,62.28,64,100,3.83,AU,2022-05-23 04:05:05
84,Vanavara,60.34,102.2797,66.34,43,7,6.02,RU,2022-05-23 04:05:05
85,Prado,-17.3411,-39.2208,70.05,79,73,5.73,BR,2022-05-23 04:05:05
86,East London,-33.0153,27.9116,59.7,77,68,4.07,ZA,2022-05-23 04:05:06
87,Poum,-20.2333,164.0167,76.89,77,32,22.62,NC,2022-05-23 04:05:06
88,Guerrero Negro,27.9769,-114.0611,59.76,80,0,14.34,MX,2022-05-23 04:05:07
89,Saint-Jerome,45.7804,-74.0036,54.12,84,74,6.22,CA,2022-05-23 04:01:53
90,Cocorit,27.5833,-109.9667,77.45,35,0,6.46,MX,2022-05-23 04:05:07
91,Hasaki,35.7333,140.8333,73.29,73,73,10.27,JP,2022-05-23 04:05:08
92,Castro,-24.7911,-50.0119,47.48,84,98,2.51,BR,2022-05-23 04:05:08
93,Ormara,25.2088,64.6357,89.51,31,0,10.74,PK,2022-05-23 04:05:08
94,General Roca,-39.0333,-67.5833,46.62,43,90,6.64,AR,2022-05-23 04:06:09
95,Kruisfontein,-34.0033,24.7314,54.73,71,92,4.38,ZA,2022-05-23 04:06:09
96,Yambio,4.5721,28.3955,67.37,98,100,4.27,SS,2022-05-23 04:06:10
97,Port Elizabeth,-33.918,25.5701,57.7,76,90,4.7,ZA,2022-05-23 04:06:04
98,Mar Del Plata,-38.0023,-57.5575,54.95,81,0,4.0,AR,2022-05-23 04:06:10
99,Kahului,20.8947,-156.47,80.62,69,40,24.16,US,2022-05-23 04:06:11
100,Madingou,-4.1536,13.55,69.71,93,100,2.73,CG,2022-05-23 04:06:11
101,Myaundzha,63.0494,147.1858,35.13,99,100,3.09,RU,2022-05-23 04:06:12
102,Gat,31.61,34.7642,67.41,100,4,12.71,IL,2022-05-23 04:06:12
103,Lagoa,39.05,-27.9833,61.21,91,100,12.88,PT,2022-05-23 04:06:13
104,Albany,42.6001,-73.9662,60.64,81,97,4.0,US,2022-05-23 04:02:49
105,Buraydah,26.326,43.975,87.33,13,0,12.44,SA,2022-05-23 04:06:13
106,Lompoc,34.6391,-120.4579,54.01,84,100,8.05,US,2022-05-23 04:06:14
107,Egvekinot,66.3167,-179.1667,50.32,44,100,3.11,RU,2022-05-23 04:06:14
108,Shingu,33.7333,135.9833,75.79,57,97,6.4,JP,2022-05-23 04:06:15
109,Mgandu,-5.95,34.1333,56.46,84,82,3.69,TZ,2022-05-23 04:06:15
110,Bauska,56.4075,24.1906,45.64,66,97,3.96,LV,2022-05-23 04:06:16
111,Kavieng,-2.5744,150.7967,85.95,61,52,14.61,PG,2022-05-23 04:06:16
112,Mlimba,-8.8,35.8167,65.75,85,35,2.3,TZ,2022-05-23 04:06:16
113,Sal Rei,16.1833,-22.9167,70.72,74,73,10.0,CV,2022-05-23 04:06:17
114,Clyde River,70.4692,-68.5914,19.63,86,100,16.11,CA,2022-05-23 04:06:17
115,Nemuro,43.3236,145.575,46.02,93,100,14.29,JP,2022-05-23 04:06:18
116,Mahebourg,-20.4081,57.7,75.49,78,40,10.36,MU,2022-05-23 04:06:20
117,Funtua,11.5233,7.3081,73.08,76,100,7.83,NG,2022-05-23 04:06:20
118,Dogondoutchi,13.6393,4.0287,84.54,48,100,14.34,NE,2022-05-23 04:06:21
119,Male,4.1748,73.5089,83.32,75,85,13.22,MV,2022-05-23 04:06:21
120,Wenatchee,47.4235,-120.3103,64.69,40,0,8.05,US,2022-05-23 04:06:22
121,Saint-Georges,12.0564,-61.7485,79.03,80,100,12.95,GD,2022-05-23 04:06:22
122,Grindavik,63.8424,-22.4338,39.67,93,0,5.75,IS,2022-05-23 04:06:23
123,Emerald,-23.5333,148.1667,70.34,66,85,8.39,AU,2022-05-23 04:04:23
124,Along,28.1667,94.7667,82.27,70,97,0.47,IN,2022-05-23 04:06:23
125,Rocky Mountain House,52.3668,-114.9188,44.37,72,79,4.83,CA,2022-05-23 04:04:51
126,Arraial Do Cabo,-22.9661,-42.0278,69.93,76,7,14.27,BR,2022-05-23 04:06:24
127,Nizwa,22.9333,57.5333,91.47,23,3,2.89,OM,2022-05-23 04:06:24
128,Beringovskiy,63.05,179.3167,42.19,72,92,10.0,RU,2022-05-23 04:06:24
129,Kumluca,36.3703,30.2869,70.65,56,24,3.96,TR,2022-05-23 04:06:25
130,Coquimbo,-29.9533,-71.3436,53.33,100,0,2.3,CL,2022-05-23 04:03:16
131,Katsuura,35.1333,140.3,66.31,77,66,17.16,JP,2022-05-23 04:06:25
132,Cape Town,-33.9258,18.4232,60.39,87,78,1.01,ZA,2022-05-23 04:06:03
133,Haines Junction,60.7522,-137.5108,44.78,69,100,6.02,CA,2022-05-23 04:06:26
134,Huarmey,-10.0681,-78.1522,64.42,89,4,7.45,PE,2022-05-23 04:06:26
135,Mamakan,57.8161,114.0028,61.21,59,96,0.92,RU,2022-05-23 04:06:27
136,Dorogobuzh,54.915,33.2972,41.25,66,0,6.38,RU,2022-05-23 04:06:27
137,Hobyo,5.3505,48.5268,81.79,75,91,20.8,SO,2022-05-23 04:06:17
138,Usinsk,65.9939,57.5281,34.74,88,100,28.95,RU,2022-05-23 04:06:28
139,Derzhavinsk,51.1,66.3167,56.64,59,100,24.09,KZ,2022-05-23 04:06:28
140,Miles City,46.4083,-105.8406,54.57,50,75,5.75,US,2022-05-23 04:06:28
141,Amapa,1.0,-52.0,69.91,99,42,1.32,BR,2022-05-23 04:06:29
142,Nichinan,31.6,131.3667,75.31,54,100,4.45,JP,2022-05-23 04:07:29
143,Kavaratti,10.5669,72.642,82.81,81,100,17.52,IN,2022-05-23 04:07:30
144,Puerto Ayora,-0.7393,-90.3518,71.55,97,43,6.13,EC,2022-05-23 04:07:30
145,Monteagudo,-19.8167,-63.9833,52.66,94,0,2.8,BO,2022-05-23 04:07:31
146,Vilhena,-12.7406,-60.1458,64.83,84,31,0.43,BR,2022-05-23 04:07:31
147,Awjilah,29.1081,21.2869,65.07,35,0,2.33,LY,2022-05-23 04:07:31
148,Caravelas,-17.7125,-39.2481,68.9,79,56,5.99,BR,2022-05-23 04:07:32
149,Shimoda,34.6667,138.95,69.93,70,33,10.85,JP,2022-05-23 04:07:32
150,Port Blair,11.6667,92.75,77.04,88,100,8.05,IN,2022-05-23 04:07:33
151,Mehamn,71.0357,27.8492,40.91,84,82,4.94,NO,2022-05-23 04:07:33
152,Abu Kamal,34.4506,40.9171,68.45,41,37,17.74,SY,2022-05-23 04:07:33
153,Los Llanos De Aridane,28.6585,-17.9182,65.95,85,100,13.8,ES,2022-05-23 04:07:34
154,Noyabrsk,63.1994,75.4507,43.81,86,100,22.62,RU,2022-05-23 04:07:34
155,Kodinsk,58.6881,99.1844,67.01,46,18,3.58,RU,2022-05-23 04:07:34
156,Port Macquarie,-31.4333,152.9167,60.89,69,98,7.49,AU,2022-05-23 04:07:35
157,Matay,28.419,30.7792,67.95,46,0,4.47,EG,2022-05-23 04:07:35
158,Bara,10.3744,10.7288,79.66,70,90,7.56,NG,2022-05-23 04:07:36
159,Carnarvon,-24.8667,113.6333,73.15,54,9,17.18,AU,2022-05-23 04:07:36
160,Portland,45.5234,-122.6762,66.15,48,100,6.91,US,2022-05-23 04:06:51
161,Beian,63.6559,9.5683,52.0,82,0,10.36,NO,2022-05-23 04:07:36
162,Sangueya,10.7,-14.3667,75.16,84,83,2.55,GN,2022-05-23 04:07:37
163,Port Hardy,50.6996,-127.4199,49.64,88,100,2.1,CA,2022-05-23 04:07:37
164,Marrakesh,31.6315,-8.0083,68.07,60,0,3.44,MA,2022-05-23 04:07:38
165,Maniitsoq,65.4167,-52.9,31.75,98,100,32.28,GL,2022-05-23 04:07:38
166,Airai,-8.9266,125.4092,74.66,46,16,5.12,TL,2022-05-23 04:07:38
167,Vostok,46.4856,135.8833,65.75,41,59,3.42,RU,2022-05-23 04:07:39
168,Akyab,20.15,92.9,80.26,80,100,8.99,MM,2022-05-23 04:07:39
169,Jasper,37.2001,-94.3502,53.89,71,0,4.61,US,2022-05-23 04:06:23
170,Tessalit,20.1986,1.0114,82.27,33,4,12.77,ML,2022-05-23 04:07:40
171,Barra Patuca,15.8,-84.2833,79.29,83,100,13.22,HN,2022-05-23 04:07:40
172,Souillac,-20.5167,57.5167,75.58,78,40,10.36,MU,2022-05-23 04:07:40
173,Puerto Madero,14.7208,-92.4215,79.0,100,75,0.0,MX,2022-05-23 04:07:41
174,Margate,51.3813,1.3862,59.31,86,98,1.99,GB,2022-05-23 04:07:41
175,Mayo,38.8876,-76.5119,72.01,95,0,5.75,US,2022-05-23 04:07:41
176,Kinablangan,7.6947,126.5503,84.25,72,79,4.99,PH,2022-05-23 04:07:42
177,Diu,20.7141,70.9822,86.88,65,66,19.69,IN,2022-05-23 04:07:42
178,Rengo,-34.4167,-70.8667,57.34,56,100,3.29,CL,2022-05-23 04:07:43
179,Pendleton,45.6721,-118.7886,59.74,61,0,5.99,US,2022-05-23 04:07:43
180,Anadyr,64.75,177.4833,55.9,54,0,11.18,RU,2022-05-23 04:07:43
181,Chokurdakh,70.6333,147.9167,34.11,100,100,7.27,RU,2022-05-23 04:07:44
182,Kishi,9.0833,3.85,73.09,91,100,3.85,NG,2022-05-23 04:07:44
183,Alofi,-19.0595,-169.9187,80.49,78,40,6.91,NU,2022-05-23 04:07:44
184,Trenggalek,-8.05,111.7167,86.74,60,8,2.19,ID,2022-05-23 04:07:45
185,Wangkui,46.8333,126.5,82.63,21,47,13.51,CN,2022-05-23 04:07:45
186,Diffa,13.3154,12.6113,80.26,23,26,6.82,NE,2022-05-23 04:07:46
187,Khatanga,71.9667,102.5,35.01,67,95,13.27,RU,2022-05-23 04:07:46
188,Hami,42.8,93.45,91.45,11,71,7.99,CN,2022-05-23 04:07:46
189,Fortuna,40.5982,-124.1573,51.93,93,100,8.05,US,2022-05-23 04:08:47
190,Prince Rupert,54.3161,-130.3201,49.28,87,100,7.38,CA,2022-05-23 04:08:47
191,Nenjiang,49.1833,125.2167,72.86,35,79,11.74,CN,2022-05-23 04:08:48
192,Sitka,57.0531,-135.33,51.69,71,100,5.75,US,2022-05-23 04:08:48
193,Grand Gaube,-20.0064,57.6608,75.6,75,1,1.99,MU,2022-05-23 04:08:48
194,Umba,66.6871,34.3429,36.23,55,0,5.84,RU,2022-05-23 04:08:49
195,Nioro,13.35,-15.75,72.64,68,91,7.18,GM,2022-05-23 04:08:49
196,Ilulissat,69.2167,-51.1,32.02,93,100,0.0,GL,2022-05-23 04:08:50
197,Bilma,18.6853,12.9164,83.39,12,62,8.52,NE,2022-05-23 04:08:50
198,Hammerfest,70.6634,23.6821,45.05,76,75,3.44,NO,2022-05-23 04:08:50
199,Pokhara,28.2333,83.9833,75.87,58,76,2.51,NP,2022-05-23 04:05:23
200,Naze,28.3667,129.4833,70.77,67,100,4.21,JP,2022-05-23 04:08:51
201,Saint-Pierre,-21.3393,55.4781,70.92,56,0,5.75,RE,2022-05-23 04:08:51
202,Port-Gentil,-0.7193,8.7815,77.43,79,82,14.43,GA,2022-05-23 04:08:52
203,Heze,35.2431,115.4411,91.6,14,42,10.51,CN,2022-05-23 04:08:52
204,Kutum,14.2,24.6667,70.36,23,27,6.89,SD,2022-05-23 04:08:52
205,Qaanaaq,77.484,-69.3632,27.03,82,100,8.28,GL,2022-05-23 04:08:53
206,San Cristobal,7.7669,-72.225,73.58,86,11,3.18,VE,2022-05-23 04:08:53
207,Tiksi,71.6872,128.8694,32.81,94,7,4.12,RU,2022-05-23 04:08:54
208,Kaitangata,-46.2817,169.8464,51.22,71,100,16.42,NZ,2022-05-23 04:08:54
209,Magadan,59.5667,150.8,40.53,98,100,10.4,RU,2022-05-23 04:08:54
210,Katobu,-4.9408,122.5276,87.98,56,30,5.3,ID,2022-05-23 04:08:55
211,Nouadhibou,20.931,-17.0347,65.16,94,1,19.75,MR,2022-05-23 04:08:55
212,Khasan,42.4308,130.6434,60.53,73,5,8.97,RU,2022-05-23 04:08:56
213,Rocha,-34.4833,-54.3333,47.43,91,51,5.06,UY,2022-05-23 04:08:56
214,Manuk Mangkaw,4.8,119.85,82.33,74,98,5.91,PH,2022-05-23 04:08:56
215,Havre-Saint-Pierre,50.2334,-63.5986,50.36,100,100,5.75,CA,2022-05-23 04:08:57
216,Carrollton,32.9537,-96.8903,64.51,82,100,10.36,US,2022-05-23 04:08:57
217,Sur,22.5667,59.5289,93.27,44,3,2.86,OM,2022-05-23 04:08:57
218,Kalmunai,7.4167,81.8167,87.96,54,57,1.19,LK,2022-05-23 04:08:58
219,Dryden,49.7833,-92.7503,39.22,68,3,5.3,CA,2022-05-23 04:08:58
220,Unai,-16.3575,-46.9061,59.92,72,0,0.54,BR,2022-05-23 04:04:36
221,Gidole,5.65,37.3667,56.57,84,74,2.17,ET,2022-05-23 04:08:59
222,Tuatapere,-46.1333,167.6833,51.76,74,47,11.23,NZ,2022-05-23 04:08:59
223,Touros,-5.1989,-35.4608,74.01,92,35,11.65,BR,2022-05-23 04:05:15
224,Southampton,50.904,-1.4043,55.85,85,94,5.48,GB,2022-05-23 04:09:00
225,San Matias,-16.3667,-58.4,67.32,56,3,3.98,BO,2022-05-23 04:09:00
226,Norman Wells,65.282,-126.8329,44.64,65,75,4.61,CA,2022-05-23 04:09:00
227,Broken Hill,-31.95,141.4333,65.84,49,0,10.63,AU,2022-05-23 04:09:01
228,Kiama,-34.6833,150.8667,63.57,93,99,1.99,AU,2022-05-23 04:07:10
229,San Julian,21.0167,-102.1667,71.44,33,22,12.66,MX,2022-05-23 04:09:01
230,Severnoye,56.3491,78.3619,57.85,46,2,14.94,RU,2022-05-23 04:09:02
231,Strezhevoy,60.7333,77.5889,46.51,83,100,11.5,RU,2022-05-23 04:09:02
232,Severnyy,50.677,36.5532,46.44,76,0,6.71,RU,2022-05-23 04:09:02
233,Manta,-0.95,-80.7333,74.98,83,100,12.66,EC,2022-05-23 04:09:03
234,Tete,-16.1564,33.5867,68.09,100,40,3.44,MZ,2022-05-23 04:10:03
235,Kirovskiy,45.0917,133.5136,72.64,39,92,3.36,RU,2022-05-23 04:10:04
236,Jizan,17.3333,42.6667,88.03,50,0,4.12,SA,2022-05-23 04:10:04
237,Ixtapa,20.7,-105.2,76.23,83,40,5.75,MX,2022-05-23 04:05:36
238,Kirksville,40.1948,-92.5833,51.06,86,0,0.0,US,2022-05-23 04:07:41
239,Santa Cruz,-17.8,-63.1667,65.66,88,20,3.44,BO,2022-05-23 04:10:05
240,Thompson,55.7435,-97.8558,51.71,40,100,7.72,CA,2022-05-23 04:10:05
241,Yola,9.2,12.4833,77.0,73,63,4.36,NG,2022-05-23 04:10:06
242,Saskylakh,71.9167,114.0833,33.33,97,100,9.91,RU,2022-05-23 04:10:06
243,Laguna,38.421,-121.4238,79.11,38,0,10.36,US,2022-05-23 04:10:06
244,Mbandaka,0.0487,18.2603,70.61,98,83,3.31,CD,2022-05-23 04:10:07
245,Karratha,-20.7377,116.8463,72.05,79,100,8.88,AU,2022-05-23 04:10:07
246,Tasiilaq,65.6145,-37.6368,32.16,99,100,12.97,GL,2022-05-23 04:10:07
247,Okha,53.5739,142.9478,39.38,77,100,2.24,RU,2022-05-23 04:10:08
248,Lasa,46.6166,10.7002,56.7,73,91,2.33,IT,2022-05-23 04:10:08
249,Agrado,2.2573,-75.7714,67.17,92,6,5.41,CO,2022-05-23 04:10:09
250,Kerema,-7.9631,145.7785,84.09,74,52,8.01,PG,2022-05-23 04:10:09
251,Cayenne,4.9333,-52.3333,82.09,1,75,3.0,GF,2022-05-23 04:10:09
252,Mount Isa,-20.7333,139.5,80.37,32,40,14.97,AU,2022-05-23 04:10:10
253,Larsnes,62.2028,5.5773,57.79,69,100,7.05,NO,2022-05-23 04:10:10
254,Kenai,60.5544,-151.2583,67.03,21,0,8.05,US,2022-05-23 04:10:11
255,Riyadh,24.6877,46.7219,86.14,8,0,9.01,SA,2022-05-23 04:10:11
256,Kletnya,53.3897,33.2171,41.65,66,51,5.26,RU,2022-05-23 04:10:11
257,Iskateley,67.6803,53.1512,29.34,87,100,27.69,RU,2022-05-23 04:10:12
258,Placido De Castro,-10.3353,-67.1856,74.89,76,91,1.7,BR,2022-05-23 04:10:12
259,Hlotse,-28.8718,28.045,41.13,78,2,1.66,LS,2022-05-23 04:10:13
260,Petauke,-14.2426,31.3253,58.89,67,30,4.12,ZM,2022-05-23 04:10:13
261,Mildura,-34.2,142.15,71.08,56,8,9.51,AU,2022-05-23 04:05:31
262,Korla,41.7597,86.1469,84.33,16,100,17.09,CN,2022-05-23 04:10:14
263,Vila Franca Do Campo,37.7167,-25.4333,67.19,97,100,4.36,PT,2022-05-23 04:10:14
264,Lorengau,-2.0226,147.2712,85.91,63,96,12.91,PG,2022-05-23 04:10:14
265,Anchorage,61.2181,-149.9003,67.08,24,0,17.27,US,2022-05-23 04:05:20
266,Lyuban,52.7985,28.0048,44.22,82,100,6.89,BY,2022-05-23 04:10:15
267,Kargasok,59.0556,80.8572,57.22,56,75,16.91,RU,2022-05-23 04:10:15
268,Iranshahr,27.2025,60.6848,86.34,10,0,4.61,IR,2022-05-23 04:10:16
269,Enshi,30.3,109.4833,79.09,54,24,1.14,CN,2022-05-23 04:10:16
270,Asau,46.4333,26.4,51.28,94,97,2.13,RO,2022-05-23 04:10:17
271,Te Anau,-45.4167,167.7167,49.78,72,5,4.03,NZ,2022-05-23 04:10:17
272,Phan Thiet,10.9333,108.1,83.91,72,100,13.42,VN,2022-05-23 04:10:17
273,Porbandar,21.6422,69.6093,87.78,70,40,13.8,IN,2022-05-23 04:10:18
274,Quelimane,-17.8786,36.8883,68.88,96,31,1.88,MZ,2022-05-23 04:10:18
275,Corinto,37.9407,22.9573,68.41,76,1,1.99,GR,2022-05-23 04:10:18
276,Evansville,37.9748,-87.5558,60.85,69,40,6.91,US,2022-05-23 04:08:48
277,Upernavik,72.7868,-56.1549,32.32,78,99,18.16,GL,2022-05-23 04:10:06
278,Ottumwa,41.02,-92.4113,55.94,47,0,5.75,US,2022-05-23 04:10:19
279,Klaksvik,62.2266,-6.589,45.52,83,65,9.33,FO,2022-05-23 04:11:20
280,Narrabri,-30.3167,149.7833,68.52,59,94,3.0,AU,2022-05-23 04:11:20
281,Longyan,25.1072,117.0225,69.55,97,100,1.14,CN,2022-05-23 04:11:20
282,Codrington,-38.2667,141.9667,63.41,48,0,3.33,AU,2022-05-23 04:11:21
283,Boende,-0.2167,20.8667,70.74,96,61,2.59,CD,2022-05-23 04:11:21
284,Maraa,-1.8333,-65.3667,71.4,99,91,2.44,BR,2022-05-23 04:11:21
285,Senanga,-16.1167,23.2667,44.83,59,0,5.48,ZM,2022-05-23 04:11:22
286,Albox,37.3886,-2.1495,66.33,55,2,9.84,ES,2022-05-23 04:11:22
287,Camaqua,-30.8511,-51.8122,50.11,91,0,3.47,BR,2022-05-23 04:11:23
288,Ancud,-41.8697,-73.8203,48.24,79,80,19.44,CL,2022-05-23 04:11:23
289,Mahibadhoo,3.7833,72.9667,83.53,75,68,13.11,MV,2022-05-23 04:11:23
290,Constitucion,-35.3333,-72.4167,51.08,93,100,9.22,CL,2022-05-23 04:11:24
291,Jumla,29.2747,82.1838,60.03,65,41,4.92,NP,2022-05-23 04:11:24
292,Sarangani,5.4033,125.4636,82.71,73,100,3.04,PH,2022-05-23 04:11:24
293,Tezu,27.9167,96.1667,86.5,56,91,3.71,IN,2022-05-23 04:11:25
294,Port Augusta,-32.5,137.7667,73.35,39,13,6.85,AU,2022-05-23 04:11:25
295,Kisangani,0.5167,25.2,71.83,92,96,1.59,CD,2022-05-23 04:11:26
296,Orocue,4.7912,-71.3354,75.4,84,89,4.68,CO,2022-05-23 04:11:26
297,Rio Gallegos,-51.6226,-69.2181,33.71,76,48,12.86,AR,2022-05-23 04:11:26
298,Gamba,-2.65,10.0,73.56,81,88,3.85,GA,2022-05-23 04:11:27
299,Noumea,-22.2763,166.4572,79.0,99,39,14.85,NC,2022-05-23 04:11:27
300,Nome,64.5011,-165.4064,66.16,33,0,11.5,US,2022-05-23 04:11:27
301,Blagoyevo,63.3667,47.9167,30.33,92,100,11.68,RU,2022-05-23 04:11:28
302,Yar-Sale,66.8333,70.8333,40.26,84,95,28.83,RU,2022-05-23 04:11:28
303,Oda,35.1833,132.5,68.95,60,47,9.51,JP,2022-05-23 04:11:29
304,San Carlos De Bariloche,-41.1456,-71.3082,34.25,93,75,24.16,AR,2022-05-23 04:11:29
305,Bengkulu,-3.8004,102.2655,84.29,68,73,4.72,ID,2022-05-23 04:10:19
306,Vao,-22.6667,167.4833,72.64,86,3,21.7,NC,2022-05-23 04:11:30
307,Roebourne,-20.7833,117.1333,72.81,74,100,9.95,AU,2022-05-23 04:11:31
308,Pangnirtung,66.1451,-65.7125,22.46,97,100,8.72,CA,2022-05-23 04:11:31
309,Bharuch,21.7,72.9667,89.49,54,2,20.87,IN,2022-05-23 04:11:32
310,Skjervoy,70.0311,20.9714,46.4,80,98,5.46,NO,2022-05-23 04:11:32
311,Victoria,22.2855,114.1577,82.18,88,99,13.0,HK,2022-05-23 04:11:10
312,Saldanha,-33.0117,17.9442,57.31,90,98,3.98,ZA,2022-05-23 04:11:33
313,Sambava,-14.2667,50.1667,74.5,76,98,10.78,MG,2022-05-23 04:11:33
314,Vardo,70.3705,31.1107,37.38,87,100,14.97,NO,2022-05-23 04:11:33
315,Lebu,-37.6167,-73.65,48.29,79,100,1.74,CL,2022-05-23 04:11:34
316,Veraval,20.9,70.3667,86.0,69,85,19.26,IN,2022-05-23 04:07:24
317,Camacupa,-12.0167,17.4833,51.8,70,79,4.09,AO,2022-05-23 04:11:34
318,Harper,4.375,-7.7169,76.44,88,100,6.13,LR,2022-05-23 04:09:17
319,Port Hedland,-20.3167,118.5667,84.25,70,40,9.22,AU,2022-05-23 04:11:35
320,Anloga,5.7947,0.8973,78.49,81,99,6.91,GH,2022-05-23 04:11:36
321,Antalaha,-14.9003,50.2788,73.2,85,52,6.93,MG,2022-05-23 04:11:36
322,Talnakh,69.4865,88.3972,34.21,97,100,5.26,RU,2022-05-23 04:11:36
323,Yuzhno-Kurilsk,44.0306,145.8556,49.5,86,100,7.25,RU,2022-05-23 04:11:37
324,Progreso,21.2833,-89.6667,84.31,69,99,14.99,MX,2022-05-23 04:12:37
325,Wangaratta,-36.3667,146.3333,67.46,51,5,3.71,AU,2022-05-23 04:12:38
326,Bahir Dar,11.5936,37.3908,66.38,69,77,4.18,ET,2022-05-23 04:12:42
327,Pacific Grove,36.6177,-121.9166,58.21,84,20,8.05,US,2022-05-23 04:12:42
328,Puerto Suarez,-18.95,-57.8,64.45,49,27,4.07,BO,2022-05-23 04:12:43
329,Kamaishi,39.2667,141.8833,57.4,86,100,1.19,JP,2022-05-23 04:12:43
330,Alyangula,-13.8483,136.4192,85.03,60,95,14.58,AU,2022-05-23 04:12:44
331,Tateyama,34.9833,139.8667,68.72,72,11,14.07,JP,2022-05-23 04:12:44
332,Kununurra,-15.7667,128.7333,89.58,25,94,8.05,AU,2022-05-23 04:12:44
333,Ponta Do Sol,32.6667,-17.1,66.7,76,29,4.68,PT,2022-05-23 04:12:45
334,Maiduguri,11.8464,13.1603,80.91,18,28,2.93,NG,2022-05-23 04:12:45
335,Bairiki,1.3292,172.9752,86.0,79,75,8.05,KI,2022-05-23 04:12:45
336,Yulara,-25.2406,130.9889,73.0,26,100,9.04,AU,2022-05-23 04:12:46
337,Bogomila,41.5931,21.4717,46.58,85,3,2.48,MK,2022-05-23 04:12:46
338,Petropavlovsk-Kamchatskiy,53.0452,158.6483,45.19,76,75,2.24,RU,2022-05-23 04:12:47
339,Tabou,4.423,-7.3528,75.33,91,100,5.35,CI,2022-05-23 04:12:47
340,Iqaluit,63.7506,-68.5145,15.19,85,57,17.13,CA,2022-05-23 04:12:47
341,Gurupi,-11.7292,-49.0686,68.58,56,0,3.8,BR,2022-05-23 04:12:48
342,Champerico,14.3,-91.9167,81.16,77,56,1.97,GT,2022-05-23 04:12:48
343,Cabo San Lucas,22.8909,-109.9124,74.61,66,89,3.0,MX,2022-05-23 04:12:26
344,Aloleng,16.1307,119.7824,84.22,75,99,18.72,PH,2022-05-23 04:12:49
345,Georgetown,5.4112,100.3354,91.33,58,20,1.14,MY,2022-05-23 04:11:07
346,Hualmay,-11.0964,-77.6139,63.88,88,39,7.2,PE,2022-05-23 04:12:49
347,Virtsu,58.5716,23.5115,42.98,57,100,4.9,EE,2022-05-23 04:12:49
348,Lunino,53.5918,45.2271,39.45,66,11,8.88,RU,2022-05-23 04:12:50
349,Patnos,39.2336,42.8634,58.64,54,5,6.4,TR,2022-05-23 04:12:50
350,Dodola,6.9833,39.1833,55.24,65,91,1.41,ET,2022-05-23 04:12:51
351,Provideniya,64.3833,-173.3,55.51,54,0,11.01,RU,2022-05-23 04:12:51
352,Leshukonskoye,64.8989,45.7622,29.21,90,100,15.32,RU,2022-05-23 04:12:52
353,Acarau,-2.8856,-40.12,75.6,86,7,8.7,BR,2022-05-23 04:12:52
354,Centenario Do Sul,-22.8211,-51.5953,53.29,68,82,5.41,BR,2022-05-23 04:12:52
355,Kargil,34.5667,76.1,43.99,45,74,4.88,IN,2022-05-23 04:12:53
356,Mtwara,-10.2667,40.1833,71.11,93,12,7.31,TZ,2022-05-23 04:12:53
357,Nioki,-2.7167,17.6833,71.65,98,99,2.53,CD,2022-05-23 04:12:53
358,Dolores,-36.3132,-57.6792,48.09,86,89,7.29,AR,2022-05-23 04:12:54
359,Tigil,57.8,158.6667,61.52,41,47,5.61,RU,2022-05-23 04:12:54
360,San Patricio,28.017,-97.5169,78.84,83,24,4.63,US,2022-05-23 04:12:54
361,Quthing,-30.4,27.7003,43.09,88,4,0.63,LS,2022-05-23 04:12:55
362,Phalodi,27.1333,72.3667,91.63,45,38,22.86,IN,2022-05-23 04:12:55
363,Tucuman,-26.8241,-65.2226,51.8,82,0,8.05,AR,2022-05-23 04:12:56
364,Miri,4.4148,114.0089,89.04,56,97,3.78,MY,2022-05-23 04:12:56
365,Tiarei,-17.5333,-149.3333,82.42,75,12,14.36,PF,2022-05-23 04:12:56
366,Alihe,50.5667,123.7167,62.76,44,67,10.8,CN,2022-05-23 04:12:57
367,Awbari,26.5921,12.7805,72.39,12,78,10.54,LY,2022-05-23 04:12:57
368,Skrunda,56.6833,22.0167,46.04,67,57,2.53,LV,2022-05-23 04:12:57
369,Zhigalovo,54.8097,105.1578,58.48,46,49,6.08,RU,2022-05-23 04:13:58
370,Whitehorse,60.7161,-135.0538,45.7,72,100,4.7,CA,2022-05-23 04:13:58
371,Baiao,-2.7906,-49.6717,71.02,99,83,2.26,BR,2022-05-23 04:13:59
372,Marzuq,14.4,46.4667,83.44,12,11,2.04,YE,2022-05-23 04:13:59
373,Vitry-Le-Francois,48.7333,4.5833,59.41,94,97,6.15,FR,2022-05-23 04:14:00
374,Semporna,4.4818,118.6112,79.34,87,100,5.93,MY,2022-05-23 04:14:00
375,Hambantota,6.1241,81.1185,85.84,68,90,19.93,LK,2022-05-23 04:14:00
376,Qui Nhon,13.7667,109.2333,88.32,61,66,5.17,VN,2022-05-23 04:11:01
377,Saint Marys,30.7305,-81.5465,78.91,91,75,5.75,US,2022-05-23 04:09:02
378,Warmbad,-28.45,18.7333,54.64,59,28,7.09,NA,2022-05-23 04:14:01
379,Esperance,-33.8667,121.9,69.98,50,22,13.78,AU,2022-05-23 04:11:03
380,Alice Springs,-23.7,133.8833,74.75,32,60,8.05,AU,2022-05-23 04:14:01
381,Jacqueville,5.2052,-4.4146,74.61,91,100,7.31,CI,2022-05-23 04:14:02
382,Buchanan,5.8808,-10.0467,75.43,93,100,7.34,LR,2022-05-23 04:09:42
383,Denpasar,-8.65,115.2167,85.71,74,20,11.5,ID,2022-05-23 04:13:24
384,Alta Floresta,-9.8756,-56.0861,65.55,71,0,2.84,BR,2022-05-23 04:14:02
385,Nayudupeta,13.9,79.9,92.28,41,81,12.12,IN,2022-05-23 04:14:03
386,Morondava,-20.2833,44.2833,71.55,55,0,4.79,MG,2022-05-23 04:14:03
387,Kungurtug,50.5994,97.5228,72.97,23,93,10.49,RU,2022-05-23 04:14:03
388,Stornoway,58.2093,-6.3865,48.16,94,75,2.3,GB,2022-05-23 04:14:04
389,Yuksekova,37.5736,44.2872,49.75,93,75,2.3,TR,2022-05-23 04:14:04
390,Zhigansk,66.7697,123.3711,51.75,47,85,4.45,RU,2022-05-23 04:14:05
391,Bandarbeyla,9.4942,50.8122,84.13,69,100,18.95,SO,2022-05-23 04:14:05
392,Pombia,45.653,8.6336,67.55,85,0,2.3,IT,2022-05-23 04:14:05
393,Waingapu,-9.6567,120.2641,86.45,62,27,14.0,ID,2022-05-23 04:14:06
394,Agadir,30.4202,-9.5982,64.85,73,47,4.32,MA,2022-05-23 04:14:06
395,Sterling,39.0062,-77.4286,70.23,96,0,6.91,US,2022-05-23 04:14:06
396,Kresttsy,58.2452,32.5165,39.22,53,3,6.02,RU,2022-05-23 04:14:07
397,Mercedes,-34.6515,-59.4307,51.64,93,84,7.74,AR,2022-05-23 04:13:24
398,Hun,29.1268,15.9477,68.88,17,0,6.91,LY,2022-05-23 04:14:07
399,Dalmatovo,56.26,62.9362,47.82,71,49,11.25,RU,2022-05-23 04:14:08
400,Blackfoot,43.1905,-112.345,42.76,80,30,0.36,US,2022-05-23 04:14:08
401,Spornoye,50.8448,37.2913,42.66,83,40,11.34,RU,2022-05-23 04:14:08
402,Ulaangom,49.9811,92.0667,79.41,22,12,19.06,MN,2022-05-23 04:14:09
403,Mana,5.6592,-53.7767,75.81,89,100,3.8,GF,2022-05-23 04:14:09
404,Yertarskiy,56.7902,64.2995,47.73,71,28,9.48,RU,2022-05-23 04:14:10
405,Tomigusuku,26.185,127.675,75.33,86,100,13.8,JP,2022-05-23 04:14:10
406,Gimli,50.6336,-96.9907,44.2,60,11,10.13,CA,2022-05-23 04:12:01
407,Kesan,40.8558,26.6303,62.49,68,66,3.36,TR,2022-05-23 04:14:10
408,Raychikhinsk,49.7838,129.4121,69.17,48,48,16.8,RU,2022-05-23 04:14:11
409,Bethel,41.3712,-73.414,69.89,77,0,0.0,US,2022-05-23 04:12:11
410,Abu Zabad,12.35,29.25,78.76,17,90,9.93,SD,2022-05-23 04:14:11
411,Hailey,43.5196,-114.3153,42.89,71,59,1.99,US,2022-05-23 04:14:12
412,Tautira,-17.7333,-149.15,79.47,76,23,13.22,PF,2022-05-23 04:14:12
413,Waling,27.9833,83.7667,80.78,45,18,4.41,NP,2022-05-23 04:14:13
414,Miramar,25.9873,-80.2323,82.02,79,0,16.11,US,2022-05-23 04:15:13
415,Coos Bay,43.3665,-124.2179,54.99,93,100,6.91,US,2022-05-23 04:11:28
416,Athabasca,54.7169,-113.2854,55.81,72,83,5.41,CA,2022-05-23 04:15:07
417,Pryazha,61.6926,33.6216,33.03,63,6,7.67,RU,2022-05-23 04:15:14
418,Pullman,46.7313,-117.1796,54.63,59,0,3.44,US,2022-05-23 04:15:14
419,Avera,33.194,-82.5271,71.65,83,100,10.71,US,2022-05-23 04:15:14
420,Sao Filipe,14.8961,-24.4956,71.01,73,10,6.24,CV,2022-05-23 04:15:15
421,Saint-Leu,-21.15,55.2833,72.46,66,36,3.98,RE,2022-05-23 04:15:15
422,Lithakia,37.7167,20.8333,58.28,100,75,0.0,GR,2022-05-23 04:15:16
423,Kofele,7.0667,38.7833,52.66,78,85,2.51,ET,2022-05-23 04:15:16
424,Point Pedro,9.8167,80.2333,85.21,73,99,15.88,LK,2022-05-23 04:15:16
425,Isangel,-19.55,169.2667,79.84,77,24,10.11,VU,2022-05-23 04:15:17
426,Port Pirie,-33.1833,138.0167,69.89,44,46,5.7,AU,2022-05-23 04:15:17
427,Nanortalik,60.1432,-45.2371,34.66,89,87,12.08,GL,2022-05-23 04:15:17
428,Payo,-3.7508,103.6372,89.47,58,49,1.88,ID,2022-05-23 04:15:18
429,Naantali,60.4674,22.0243,48.11,70,0,2.3,FI,2022-05-23 04:10:39
430,Kautokeino,69.0125,23.0412,35.29,100,100,1.68,NO,2022-05-23 04:15:18
431,Narsaq,60.9167,-46.05,37.62,93,97,4.9,GL,2022-05-23 04:15:19
432,Rafai,4.95,23.9167,66.81,99,91,0.58,CF,2022-05-23 04:15:19
433,Coihaique,-45.5752,-72.0662,34.41,93,100,4.61,CL,2022-05-23 04:15:19
434,Oksfjord,70.2396,22.3479,46.58,87,85,6.29,NO,2022-05-23 04:15:20
435,Alexandria,31.2156,29.9553,68.22,76,0,12.21,EG,2022-05-23 04:10:43
436,Sept-Iles,50.2001,-66.3821,50.52,88,100,12.66,CA,2022-05-23 04:15:21
437,Nantucket,41.2835,-70.0995,62.71,98,100,11.5,US,2022-05-23 04:14:48
438,Ajdabiya,30.7554,20.2263,61.39,45,0,4.27,LY,2022-05-23 04:15:21
439,Sabha,27.0377,14.4283,71.91,12,25,10.51,LY,2022-05-23 04:15:21
440,Jiexiu,37.0244,111.9125,81.23,27,100,3.18,CN,2022-05-23 04:15:22
441,Warrnambool,-38.3833,142.4833,60.82,56,0,3.71,AU,2022-05-23 04:15:22
442,Batagay-Alyta,67.8006,130.4114,43.65,59,11,5.86,RU,2022-05-23 04:15:23
443,Mopipi,-21.1833,24.8833,45.77,68,0,6.53,BW,2022-05-23 04:15:23
444,Sao Sebastiao,-23.76,-45.4097,62.73,89,13,4.38,BR,2022-05-23 04:15:23
445,Mareeba,-17.0,145.4333,81.48,73,49,4.25,AU,2022-05-23 04:15:24
446,Lourdes,43.1,-0.05,58.48,82,100,6.91,FR,2022-05-23 04:15:24
447,Gambela,8.25,34.5833,72.32,84,92,5.19,ET,2022-05-23 04:15:24
448,Sao Jose Da Coroa Grande,-8.8978,-35.1478,75.9,83,42,12.08,BR,2022-05-23 04:15:25
449,Tazovskiy,67.4667,78.7,44.19,80,63,19.17,RU,2022-05-23 04:12:20
450,Sampit,-2.5333,112.95,91.92,53,22,3.38,ID,2022-05-23 04:15:25
451,Kouango,4.9934,19.9619,70.99,95,99,2.93,CF,2022-05-23 04:15:26
452,Soyo,-6.1349,12.3689,73.24,83,89,5.59,AO,2022-05-23 04:15:26
453,Tromso,69.6496,18.957,46.38,81,75,3.44,NO,2022-05-23 04:15:26
454,Guarapari,-20.6667,-40.4975,65.43,84,27,3.51,BR,2022-05-23 04:15:27
455,Leningradskiy,69.3833,178.4167,37.98,90,38,1.39,RU,2022-05-23 04:15:27
456,Ust-Maya,60.4167,134.5333,53.6,46,62,4.27,RU,2022-05-23 04:15:28
457,Arrifes,37.7667,-25.7,65.23,94,75,5.75,PT,2022-05-23 04:15:28
458,Newark,40.7357,-74.1724,75.15,68,40,10.36,US,2022-05-23 04:15:02
459,Leh,34.1667,77.5833,45.97,34,79,5.82,IN,2022-05-23 04:12:40
460,Keita,14.7551,5.7749,88.21,22,100,7.49,NE,2022-05-23 04:15:28
461,Nizhniy Baskunchak,48.2198,46.8311,57.88,75,98,13.69,RU,2022-05-23 04:16:29
462,Nabire,-3.3667,135.4833,84.88,72,83,4.12,ID,2022-05-23 04:16:29
463,Salyan,39.5936,48.9805,67.95,60,56,6.8,AZ,2022-05-23 04:16:30
464,Erechim,-27.6342,-52.2739,48.27,86,98,0.98,BR,2022-05-23 04:16:30
465,Daru,-9.0763,143.2092,84.85,69,43,11.95,PG,2022-05-23 04:16:30
466,Kastamonu,41.5,33.6667,51.55,75,69,3.13,TR,2022-05-23 04:16:31
467,Asmar,35.0333,71.3581,72.0,31,100,10.13,AF,2022-05-23 04:16:31
468,Innisfail,-17.5333,146.0333,75.72,83,57,10.47,AU,2022-05-23 04:16:32
469,Inhambane,-23.865,35.3833,66.18,94,75,3.44,MZ,2022-05-23 04:16:32
470,Kushmurun,52.4503,64.6311,59.04,73,100,27.18,KZ,2022-05-23 04:16:32
471,La Rioja,42.25,-2.5,49.78,92,9,3.96,ES,2022-05-23 04:16:33
472,Obigarm,38.7173,69.7088,54.3,70,80,4.0,TJ,2022-05-23 04:16:33
473,Paita,-5.0892,-81.1144,65.71,84,9,12.75,PE,2022-05-23 04:16:34
474,Lishui,28.4604,119.9103,66.51,96,100,2.42,CN,2022-05-23 04:16:34
475,Hendek,40.7994,30.7481,59.81,88,52,1.14,TR,2022-05-23 04:16:34
476,Puerto Palomas,31.7667,-107.6167,70.41,38,84,12.93,MX,2022-05-23 04:16:35
477,Torres,-29.3353,-49.7269,56.82,81,100,4.16,BR,2022-05-23 04:16:35
478,Ambulu,-8.345,113.6058,86.58,59,28,3.06,ID,2022-05-23 04:13:15
479,Mragowo,53.8644,21.3051,46.4,92,97,5.14,PL,2022-05-23 04:16:36
480,Sibolga,1.7427,98.7792,86.83,63,91,4.25,ID,2022-05-23 04:16:36
481,Saint-Denis,48.9167,2.3333,60.58,85,40,4.61,FR,2022-05-23 04:16:36
482,Mizdah,31.4451,12.9801,63.99,21,0,2.75,LY,2022-05-23 04:16:37
483,Mandurah,-32.55,115.7,57.9,83,100,32.57,AU,2022-05-23 04:16:37
484,Udachnyy,66.4167,112.4,62.46,38,100,14.9,RU,2022-05-23 04:16:37
485,Picton,-34.1833,150.6,64.71,88,89,4.34,AU,2022-05-23 04:14:01
486,Jimeta,9.2833,12.4667,77.49,75,57,5.12,NG,2022-05-23 04:16:38
487,Sumenep,-7.0167,113.8667,85.39,72,36,14.79,ID,2022-05-23 04:16:38
488,Sinegorye,62.0788,150.477,41.85,87,100,5.37,RU,2022-05-23 04:16:39
489,Gizo,-8.103,156.8419,84.56,68,24,3.36,SB,2022-05-23 04:16:39
490,Perth,-31.9333,115.8333,57.78,96,75,13.8,AU,2022-05-23 04:15:03
491,Basco,20.4487,121.9702,83.01,77,91,7.47,PH,2022-05-23 04:16:40
492,Coahuayana,18.7333,-103.6833,73.71,87,30,1.01,MX,2022-05-23 04:16:40
493,Tilichiki,60.4667,166.1,48.07,59,3,0.74,RU,2022-05-23 04:16:40
494,Jieshi,22.8134,115.8257,81.95,82,100,13.67,CN,2022-05-23 04:16:41
495,Walvis Bay,-22.9575,14.5053,67.15,26,0,19.57,NA,2022-05-23 04:16:41
496,College,64.8569,-147.8028,62.58,30,20,17.27,US,2022-05-23 04:16:41
497,Kuito,-12.3833,16.9333,49.51,69,43,3.44,AO,2022-05-23 04:16:42
498,Gogrial,8.5332,28.1004,79.47,59,99,2.39,SS,2022-05-23 04:16:42
499,Rize,40.9044,40.8949,43.65,86,82,2.48,TR,2022-05-23 04:16:43
500,Marsabit,2.3284,37.9899,63.23,84,56,13.11,KE,2022-05-23 04:16:43
501,Otradnoye,59.7775,30.8181,50.05,52,91,4.9,RU,2022-05-23 04:16:43
502,Ambilobe,-13.2,49.05,73.06,73,98,3.71,MG,2022-05-23 04:16:44
503,Dire Dawa,9.5931,41.8661,75.38,44,44,7.56,ET,2022-05-23 04:16:44
504,Mugur-Aksy,50.35,90.5,62.33,38,7,6.73,RU,2022-05-23 04:16:45
505,Ziebice,50.6012,17.0406,52.54,90,25,2.75,PL,2022-05-23 04:16:45
506,Bam,29.106,58.357,80.33,10,0,8.84,IR,2022-05-23 04:16:46
507,Roma,43.2128,-75.4557,54.95,91,75,8.05,US,2022-05-23 04:17:46
508,Manavalakurichi,8.1333,77.3,83.1,73,96,15.08,IN,2022-05-23 04:17:47
509,Rio Verde De Mato Grosso,-18.9181,-54.8442,62.96,40,9,3.8,BR,2022-05-23 04:17:47
510,Abu Samrah,35.3029,37.1841,61.5,72,25,26.8,SY,2022-05-23 04:17:48
511,North Ogden,41.3072,-111.9602,50.92,64,69,4.94,US,2022-05-23 04:17:48
512,Meulaboh,4.1363,96.1285,84.38,69,100,2.57,ID,2022-05-23 04:17:48
513,Verkhoyansk,67.5447,133.385,51.62,55,91,8.97,RU,2022-05-23 04:17:49
514,Laizhou,37.1717,119.9214,87.19,28,46,4.72,CN,2022-05-23 04:17:49
515,Yumen,40.2833,97.2,82.8,15,24,32.88,CN,2022-05-23 04:17:49
516,La Palma,33.8464,-118.0467,65.91,78,0,5.75,US,2022-05-23 04:17:50
517,Pudozh,61.8099,36.5345,34.54,67,65,9.53,RU,2022-05-23 04:17:50
518,Lesnoy,57.6198,63.0784,45.18,63,65,10.83,RU,2022-05-23 04:17:51
519,Hachinohe,40.5,141.5,63.5,58,100,7.11,JP,2022-05-23 04:17:51
520,Vagamo,61.8751,9.0967,46.96,93,100,6.58,NO,2022-05-23 04:17:51
521,Sakakah,29.9697,40.2064,69.37,32,13,18.48,SA,2022-05-23 04:17:52
522,Kaitong,44.8135,123.15,85.05,18,24,4.63,CN,2022-05-23 04:17:52
523,Poso,-1.3959,120.7524,84.45,69,60,5.77,ID,2022-05-23 04:17:52
524,Kaeo,-35.1,173.7833,60.75,68,100,8.32,NZ,2022-05-23 04:17:53
525,Nisia Floresta,-6.0911,-35.2086,76.01,94,28,8.3,BR,2022-05-23 04:17:53
526,Mitsamiouli,-11.3847,43.2844,78.39,80,100,7.52,KM,2022-05-23 04:17:53
527,Ambon,-3.6954,128.1814,89.74,62,40,6.91,ID,2022-05-23 04:17:54
528,Kiunga,-6.1219,141.2906,87.96,63,68,4.41,PG,2022-05-23 04:17:54
529,Yerbogachen,61.2767,108.0108,64.31,51,39,5.48,RU,2022-05-23 04:17:54
530,Plymouth,41.8334,-70.8328,72.14,84,0,3.44,US,2022-05-23 04:13:05
531,Goulburn,-34.75,149.7167,49.59,96,99,4.74,AU,2022-05-23 04:16:49
532,Smolenka,52.1352,113.4974,60.87,33,40,8.95,RU,2022-05-23 04:17:55
533,Namatanai,-3.6667,152.4333,85.12,64,40,10.51,PG,2022-05-23 04:17:56
534,Osmena,10.5208,119.9258,80.58,84,100,11.59,PH,2022-05-23 04:17:56
535,Bonga,7.2833,36.2333,58.78,98,68,2.17,ET,2022-05-23 04:17:56
536,Rio Grande,-32.035,-52.0986,56.79,86,20,8.01,BR,2022-05-23 04:17:57
537,Orange,33.7,-117.7675,65.48,82,0,3.44,US,2022-05-23 04:17:58
538,Tchibanga,-2.85,11.0333,66.58,95,67,1.74,GA,2022-05-23 04:17:58
539,Limbang,4.75,115.0,86.11,52,98,2.42,MY,2022-05-23 04:17:59
540,Santa Marta De Tormes,40.9506,-5.6272,55.42,99,100,8.05,ES,2022-05-23 04:17:59
541,Camapua,-19.5314,-54.0439,59.2,44,5,4.79,BR,2022-05-23 04:14:44
542,Loa Janan,-0.583,117.095,78.03,90,100,1.41,ID,2022-05-23 04:18:00
543,Santa Maria Do Suacui,-18.1903,-42.4142,53.62,90,0,1.79,BR,2022-05-23 04:18:00
544,Paraiso,9.8383,-83.8656,68.88,100,100,1.1,CR,2022-05-23 04:18:00
545,Acapulco,16.8634,-99.8901,80.42,83,100,4.61,MX,2022-05-23 04:14:28
546,Tortoli,39.9256,9.6572,66.02,88,0,6.91,IT,2022-05-23 04:18:01
547,Tinskoy,56.1525,96.9161,65.37,39,0,5.64,RU,2022-05-23 04:18:01
548,Hofn,64.2539,-15.2082,44.82,65,86,6.69,IS,2022-05-23 04:18:02
549,Adrar,20.5022,-10.0711,85.24,19,76,5.95,MR,2022-05-23 04:18:02
550,Xining,36.6167,101.7667,68.16,36,84,8.86,CN,2022-05-23 04:18:02
551,Bogovarovo,58.9785,47.0246,34.54,82,99,7.43,RU,2022-05-23 04:18:03
552,Lagoa Vermelha,-28.2086,-51.5258,48.0,82,100,4.21,BR,2022-05-23 04:18:03
553,Powell River,49.8496,-124.5361,60.33,64,100,4.09,CA,2022-05-23 04:13:46
554,Alta Gracia,-31.6529,-64.4283,62.31,55,50,5.39,AR,2022-05-23 04:19:04
555,Morrope,-6.5417,-80.0111,64.35,83,3,13.82,PE,2022-05-23 04:19:04
556,Flinders,-34.5833,150.8552,61.05,83,98,5.19,AU,2022-05-23 04:19:04
557,Birao,10.2849,22.7882,81.45,46,98,0.54,CF,2022-05-23 04:19:05
558,Sisimiut,66.9395,-53.6735,32.99,84,100,7.54,GL,2022-05-23 04:19:05
559,Zabol,32.25,67.25,66.24,12,0,8.46,AF,2022-05-23 04:19:05
560,Beidao,34.5686,105.8933,76.82,48,29,2.44,CN,2022-05-23 04:19:06
